date_p,prec,temp,val_calc_ngf
1970-05-01,0.948387096774193,14.1129032258065,69.34
1970-06-01,2.32,15.78,70.0666666666667
1970-07-01,1.5258064516129,16.0064516129032,69.555
1970-08-01,2.06451612903226,14.8709677419355,68.54
1970-09-01,1.63333333333333,13.5166666666667,67.42
1970-10-01,1.85806451612903,9.04193548387097,66.365
1970-11-01,2.42333333333333,5.91,65.245
1970-12-01,0.409677419354839,-0.993548387096774,64.335
1971-01-01,2.30322580645161,4.33225806451613,63.77
1971-02-01,1.42857142857143,1.71071428571429,63.39
1971-03-01,0.841935483870968,6.05161290322581,63.23
1971-04-01,1.03,10.7733333333333,63.135
1971-05-01,2.19677419354839,12.9193548387097,62.9
1971-06-01,3.40333333333333,15.65,62.61
1971-07-01,2.24838709677419,16.4451612903226,62.28
1971-08-01,1.55806451612903,15.1354838709677,62.04
1971-09-01,0.886666666666667,12.2366666666667,61.815
1971-10-01,1.38064516129032,7.15483870967742,61.57
1971-11-01,2.44666666666667,4.25666666666667,61.32
1971-12-01,1.48387096774194,3.6258064516129,61.085
1972-01-01,2.49032258064516,2.56774193548387,60.985
1972-02-01,1.08965517241379,2.86551724137931,60.985
1972-03-01,2.99032258064516,8.80967741935484,61.185
1972-04-01,1.71333333333333,8.74333333333333,61.7033333333333
1972-05-01,3.33870967741935,11.3096774193548,61.96
1972-06-01,1.01666666666667,13.7066666666667,61.975
1972-07-01,1.42903225806452,16.058064516129,61.81
1972-08-01,1.56774193548387,13.4967741935484,61.505
1972-09-01,0.28,9.68666666666667,61.205
1972-10-01,2.11290322580645,7.79677419354839,60.81
1972-11-01,4.07,5.08333333333333,60.5566666666667
1972-12-01,0.209677419354839,1.15483870967742,60.67
1973-01-01,2.3258064516129,2.9741935483871,61.11
1973-02-01,0.578571428571429,3.26785714285714,61.525
1973-03-01,0.929032258064516,5.75161290322581,62.155
1973-04-01,2.56,8.77666666666667,62.735
1973-05-01,1.86451612903226,13.4354838709677,62.8733333333333
1973-06-01,1.38333333333333,17.59,62.845
1973-07-01,1.12258064516129,16.4516129032258,62.67
1973-08-01,1.1,16.941935483871,62.205
1973-09-01,4.24666666666667,10.9433333333333,61.7
1973-10-01,1.61290322580645,7.19354838709677,61.16
1973-11-01,1.68333333333333,2.66666666666667,60.795
1973-12-01,1.78387096774194,4.35806451612903,60.53
1974-01-01,3.09677419354839,5.46451612903226,60.4775
1974-02-01,1.56071428571429,3.03928571428571,60.995
1974-03-01,0.735483870967742,8.91612903225806,61.805
1974-04-01,0.993333333333333,8.45666666666667,62.47
1974-05-01,1.32258064516129,12.8774193548387,62.975
1974-06-01,3.48666666666667,15.3,63.0566666666667
1974-07-01,1.62258064516129,15.5741935483871,61.512815328612
1974-08-01,3.46129032258065,14.6290322580645,62.3
1974-09-01,5.17333333333333,8.18333333333333,61.94
1974-10-01,5.41935483870968,6.77096774193548,61.85
1974-11-01,3.41666666666667,6.67333333333333,62.685
1974-12-01,2.4,6.86129032258065,64.5766666666667
1975-01-01,2.49677419354839,4.46451612903226,66.995
1975-02-01,1.46071428571429,4.51428571428571,68.49
1975-03-01,3.86451612903226,3.93548387096774,69.325
1975-04-01,1.58,10.52,69.49
1975-05-01,0.719354838709677,12.5354838709677,69.5766666666667
1975-06-01,3.24,15.5733333333333,69.21
1975-07-01,0.925806451612903,18.958064516129,68.21
1975-08-01,3.3741935483871,15.0354838709677,67
1975-09-01,2.59666666666667,11.1333333333333,66.035
1975-10-01,1.98387096774194,5.94838709677419,65.285
1975-11-01,2.62333333333333,2.32666666666667,64.63
1975-12-01,1.01935483870968,4.86451612903226,64.0933333333333
1976-01-01,2.18387096774194,0.754838709677419,63.82
1976-02-01,0.748275862068965,4.1,63.685
1976-03-01,0.729032258064516,5.90967741935484,63.62
1976-04-01,0.336666666666667,11.0566666666667,63.595
1976-05-01,0.390322580645161,14.3,63.425
1976-06-01,0.496666666666667,21.97,62.955
1976-07-01,0.432258064516129,17.3451612903226,62.43
1976-08-01,2.70645161290323,14.8774193548387,62.055
1976-09-01,2.92333333333333,12.9933333333333,61.6
1976-10-01,1.71612903225806,7.36129032258065,61.285
1976-11-01,3.23666666666667,3.01,60.955
1976-12-01,2.26774193548387,0.409677419354839,60.7
1977-01-01,2.72903225806452,4.62903225806452,60.578
1977-02-01,1.67857142857143,6.84642857142857,60.5975
1977-03-01,1.92903225806452,4.99677419354839,60.825
1977-04-01,3.15,9.33333333333333,61.224
1977-05-01,2.84516129032258,12.958064516129,61.605
1977-06-01,1.77,15.2966666666667,61.8125
1977-07-01,1.08064516129032,14.8967741935484,61.92
1977-08-01,0.82258064516129,13,61.76
1977-09-01,1.58333333333333,11.11,61.362
1977-10-01,4.32258064516129,9.33225806451613,60.9225
1977-11-01,2.62333333333333,3.00333333333333,60.645
1977-12-01,2.14516129032258,3.58064516129032,60.634
1978-01-01,2.96451612903226,0.454838709677419,61.035
1978-02-01,1.95357142857143,6.025,61.9375
1978-03-01,2.99677419354839,5.54516129032258,63.144
1978-04-01,2.89333333333333,10.1166666666667,64.745
1978-05-01,0.809677419354839,14.1322580645161,65.965
1978-06-01,3.12666666666667,13.2133333333333,66.242
1978-07-01,0.748387096774194,16.0645161290323,66.0625
1978-08-01,0.525806451612903,13.5483870967742,65.6475
1978-09-01,1.61666666666667,10.89,64.958
1978-10-01,0.290322580645161,7.96774193548387,64.22
1978-11-01,3.03666666666667,1.90666666666667,63.655
1978-12-01,3.22903225806452,-1.56774193548387,63.112
1979-01-01,2.19677419354839,-0.116129032258065,62.745
1979-02-01,3.22142857142857,3.30357142857143,63
1979-03-01,1.9741935483871,6.94193548387097,64.22
1979-04-01,2.91666666666667,9.31666666666667,65.8975
1979-05-01,3.41290322580645,13.5806451612903,66.7075
1979-06-01,0.626666666666667,15.1566666666667,66.88
1979-07-01,1.9,16.0806451612903,66.5225
1979-08-01,0.841935483870968,13.6838709677419,65.868
1979-09-01,1.54333333333333,11.88,65.1466666666667
1979-10-01,4.05161290322581,6.20967741935484,64.46
1979-11-01,4.73333333333333,6.41333333333333,63.918
1979-12-01,1.68709677419355,-0.270967741935484,63.8975
1980-01-01,2.8,4.44838709677419,64.63
1980-02-01,2.30344827586207,3.69310344827586,66.178
1980-03-01,2.71935483870968,7.3741935483871,67.6575
1980-04-01,1.32,10.1633333333333,68.2725
1980-05-01,1.62258064516129,13.4838709677419,68.598
1980-06-01,6.31333333333333,13.0366666666667,68.295
1980-07-01,1.17096774193548,17.1645161290323,67.7766666666667
1980-08-01,1.7741935483871,14.9741935483871,67.3189751821936
1980-09-01,3.95333333333333,9.67333333333333,66.81
1980-10-01,1.57096774193548,5.45806451612903,66.45
1980-11-01,3.45666666666667,2.94666666666667,65.9425
1980-12-01,2.78387096774194,3.33225806451613,65.645
1981-01-01,0.909677419354839,2.09032258064516,66.626
1981-02-01,4.24285714285714,6.10714285714286,68.9325
1981-03-01,0.925806451612903,8.84516129032258,69.936
1981-04-01,2.82,10.38,70.3475
1981-05-01,1.75161290322581,13.6032258064516,70.2725
1981-06-01,3.45333333333333,14.4233333333333,69.518
1981-07-01,1.13548387096774,15.9709677419355,68.49
1981-08-01,2.77741935483871,14.641935483871,67.4925
1981-09-01,4.52,9.33666666666667,66.5575
1981-10-01,3.18387096774194,7.04193548387097,65.8
1981-11-01,3.73666666666667,1.32666666666667,66.525
1981-12-01,2.19032258064516,0.167741935483871,67.35
1982-01-01,1.26774193548387,3.22258064516129,69.86
1982-02-01,2.35714285714286,4.5,71.68
1982-03-01,1.5741935483871,7.00967741935484,71.85
1982-04-01,1.9,10.43,70.96
1982-05-01,2.73548387096774,16.1483870967742,70.3945812561556
1982-06-01,1.14333333333333,17.2966666666667,69.16
1982-07-01,2.96129032258065,16.5935483870968,68.34
1982-08-01,1.43870967741935,15.2354838709677,67.44
1982-09-01,4.34333333333333,10.3166666666667,66.53
1982-10-01,3.3741935483871,7.96129032258065,65.74
1982-11-01,4.46,3.07,65.08
1982-12-01,2.2,4.64193548387097,66.24
1983-01-01,2.97741935483871,0.919354838709677,67.54
1983-02-01,2.28928571428571,5.21428571428571,69.29
1983-03-01,3.54516129032258,6.21290322580645,72.155
1983-04-01,3.45666666666667,9.61666666666667,72.23
1983-05-01,1.3741935483871,14.2838709677419,72.14
1983-06-01,2.11666666666667,18.8933333333333,71.97
1983-07-01,0.916129032258065,18.4258064516129,71.14
1983-08-01,2.6,13.9612903225806,70.13
1983-09-01,2.17,11.32,68.96
1983-10-01,1.42903225806452,4.81612903225807,67.58
1983-11-01,1.91666666666667,3.60333333333333,66.57
1983-12-01,4.27741935483871,3.76129032258064,65.36
1984-01-01,3.0741935483871,2.54838709677419,64.82
1984-02-01,1.03793103448276,2.9,65.7725
1984-03-01,1.77096774193548,6.96129032258065,66.8225
1984-04-01,2.34333333333333,8.94333333333333,67.0975
1984-05-01,1.55483870967742,13.0193548387097,66.99
1984-06-01,1.85,15.26,65.3343539041926
1984-07-01,1.71935483870968,17.4032258064516,65.3598195907456
1984-08-01,5.41935483870968,13.5290322580645,65.1375
1984-09-01,4.31666666666667,10.7333333333333,64.5975
1984-10-01,3.59354838709677,8.78064516129032,64.435
1984-11-01,1.67,4.37,65.4957417341833
1984-12-01,2.10645161290323,-3.66451612903226,65.5179464929114
1985-01-01,0.948387096774193,0.187096774193548,65.5353587413426
1985-02-01,2.63928571428571,2.86785714285714,65.5480980607775
1985-03-01,2.77096774193548,8.01612903225806,65.5562840325168
1985-04-01,2.75333333333333,11.0066666666667,65.5600362378607
1985-05-01,2.25483870967742,13.2161290322581,65.55947425811
1985-06-01,1.15,16.38,65.554717674565
1985-07-01,3.00322580645161,14.7903225806452,65.5458860685264
1985-08-01,1.14516129032258,14.3741935483871,65.5330990212945
1985-09-01,0.856666666666667,10.8733333333333,66.71
1985-10-01,1.78064516129032,2.34193548387097,65.75
1985-11-01,2.13,6.18666666666667,64.83
1985-12-01,3.30645161290323,2.45161290322581,65.4447880464457
1986-01-01,0.287096774193548,-2.96451612903226,64
1986-02-01,3.45357142857143,3.67142857142857,64.13
1986-03-01,4.23225806451613,5.16774193548387,64.2966666666667
1986-04-01,1.12,11.6866666666667,65.0633333333333
1986-05-01,1.40322580645161,14.6612903225806,66.9325
1986-06-01,1.00666666666667,16.41,67.45
1986-07-01,1.99677419354839,15.041935483871,67.0775
1986-08-01,1.95483870967742,10.7548387096774,66.54
1986-09-01,4.38333333333333,11.3933333333333,65.135
1986-10-01,3.63870967741935,7.58709677419355,64.542
1986-11-01,3.83,4.59333333333333,64.1725
1986-12-01,1.52903225806452,-2.07741935483871,64.2425
1987-01-01,2.6258064516129,1.13548387096774,65.978
1987-02-01,3.49285714285714,2.41071428571429,67.2625
1987-03-01,1.34838709677419,10.0129032258065,67.6066666666667
1987-04-01,2.76333333333333,9.46,68.646
1987-05-01,4.24838709677419,12.7354838709677,69.2175
1987-06-01,3.51333333333333,16.2266666666667,68.9075
1987-07-01,2.80322580645161,16.0193548387097,68.276
1987-08-01,1.03870967741936,14.7451612903226,67.61
1987-09-01,4.26333333333333,10.3366666666667,66.94
1987-10-01,3.41935483870968,5.85806451612903,66.585
1987-11-01,0.923333333333333,3.17666666666667,66.7775
1987-12-01,4.98387096774194,5.76774193548387,67.33
1988-01-01,4.00645161290323,3.73225806451613,70.2805201235474
1988-02-01,3.88965517241379,5.77241379310345,72.95
1988-03-01,1.03548387096774,8.15483870967742,73.0581837168021
1988-04-01,2.08333333333333,12.7166666666667,73.6466666666667
1988-05-01,0.470967741935484,13.6677419354839,73.12
1988-06-01,4.22333333333333,15.0533333333333,71.2133333333333
1988-07-01,1.95483870967742,15.9387096774194,70.2133333333333
1988-08-01,3.3258064516129,13.1225806451613,67.984393161796
1988-09-01,3.01333333333333,10.7366666666667,67.396
1988-10-01,1.85806451612903,5.05161290322581,66.365
1988-11-01,2.03,6.68333333333333,65.7275
1988-12-01,1.56129032258065,3.86129032258065,65.246
1989-01-01,3.04516129032258,4.71935483870968,65.1
1989-02-01,1.7,7.99285714285714,65.05
1989-03-01,3.53225806451613,6.54193548387097,65.4433333333333
1989-04-01,0.986666666666667,13.9266666666667,66.9733333333334
1989-05-01,1.62258064516129,14.8612903225806,67.822
1989-06-01,1.36666666666667,18.2133333333333,67.9625
1989-07-01,1.24193548387097,17.0677419354839,67.3075
1989-08-01,1.7741935483871,14.8774193548387,66.355
1989-09-01,2.48666666666667,12.0366666666667,65.57
1989-10-01,1.06451612903226,4,64.675
1989-11-01,2.78666666666667,4.11333333333333,64.25
1989-12-01,2.97096774193548,5.1,63.69
1990-01-01,4.11290322580645,7.00967741935484,64.3347348760198
1990-02-01,0.467857142857143,8.23928571428571,63.34
1990-03-01,2.63225806451613,7.91290322580645,64.12
1990-04-01,0.69,13.2166666666667,65.07
1990-05-01,1.76129032258065,13.4935483870968,63.7545485733626
1990-06-01,0.55,17.7666666666667,65.19
1990-07-01,1.18064516129032,18.1516129032258,64.51
1990-08-01,1.64516129032258,12.4774193548387,63.8424002199419
1990-09-01,3.50333333333333,11.3933333333333,63.21
1990-10-01,2.7741935483871,5.68064516129032,62.58
1990-11-01,4.98333333333333,3.36666666666667,62.19
1990-12-01,2.28709677419355,2.18709677419355,64.1691724281382
1991-01-01,1.13548387096774,0.893548387096774,64.2243104422847
1991-02-01,1.25357142857143,8.33928571428571,63.88
1991-03-01,1.96129032258065,7.32258064516129,64.77
1991-04-01,1.12666666666667,9.7,65.2
1991-05-01,4.36129032258065,12.8,65.31
1991-06-01,2.15333333333333,17.1166666666667,63.9380936316474
1991-07-01,0.141935483870968,17.4193548387097,64.62
1991-08-01,1.26451612903226,14.2516129032258,63.595925165184
1991-09-01,2.03666666666667,9.49,63.11
1991-10-01,3.15161290322581,4.35483870967742,62.64
1991-11-01,2.09,3.14666666666667,63.0209257248021
1991-12-01,1.02903225806452,1.7741935483871,62.11
1992-01-01,1.60967741935484,5.25161290322581,62.7408162107321
1992-02-01,3.73793103448276,6.45862068965517,62.33
1992-03-01,2.32258064516129,8.24516129032258,62.7312302360907
1992-04-01,3.33333333333333,14.5933333333333,62.7
1992-05-01,2.48387096774194,15.3451612903226,63.1615415493476
1992-06-01,2.16,17.4033333333333,64.97
1992-07-01,5.3741935483871,16.2870967741935,64.1897243748246
1992-08-01,1.46451612903226,13.2709677419355,64.35
1992-09-01,4.22,6.97666666666667,65.7115638814497
1992-10-01,5.64193548387097,7.55483870967742,66.5438161459314
1992-11-01,1.64666666666667,1.64,64.8
1992-12-01,3.44193548387097,6.18709677419355,68.1148585655999
1993-01-01,1.0741935483871,2.13870967741935,70.85
1993-02-01,0.560714285714286,6.78214285714286,69.2464486640307
1993-03-01,1.24516129032258,10.3451612903226,71.34
1993-04-01,1.74333333333333,13.77,70.57
1993-05-01,2.23870967741935,15.6709677419355,69.095
1993-06-01,4.59666666666667,15.1966666666667,67.36
1993-07-01,0.890322580645161,14.3258064516129,66.38
1993-08-01,5.06774193548387,12.4935483870968,66.3405257648486
1993-09-01,1.83,7.59,65.18
1993-10-01,1.67741935483871,2.39677419354839,64.55
1993-11-01,9.44666666666667,5.3,65.8754560847496
1993-12-01,3.29354838709677,4.85161290322581,67.7896994409257
1994-01-01,1.49677419354839,3.36129032258065,70.1140441568697
1994-02-01,4.73571428571429,7.10357142857143,73.8
1994-03-01,2.2,8.57096774193548,73.7
1994-04-01,4.50333333333333,12.1933333333333,73.57
1994-05-01,0.32258064516129,15.2838709677419,74.42
1994-06-01,1.71,20.1666666666667,73.37
1994-07-01,1.74838709677419,15.741935483871,72.74
1994-08-01,3.16451612903226,11.758064516129,69.84
1994-09-01,3.10333333333333,10.1166666666667,68.585
1994-10-01,2.1258064516129,9.22903225806452,68.28
1994-11-01,5.65333333333333,3.89666666666667,67.74
1994-12-01,6.38387096774194,5.66129032258065,66.11
1995-01-01,5.8,5.66129032258065,71.1093243531038
1995-02-01,2.40714285714286,6.23928571428571,71.945
1995-03-01,1.29032258064516,9.6258064516129,75.5166666666667
1995-04-01,1.87666666666667,11.37,75.345
1995-05-01,1.66774193548387,14.7806451612903,73.56
1995-06-01,2.26333333333333,20.5233333333333,72.58
1995-07-01,2.1258064516129,17.5903225806452,71.41
1995-08-01,3.11290322580645,13.2967741935484,69.055
1995-09-01,0.316666666666667,10.37,68.6453005843924
1995-10-01,0.961290322580645,5.78064516129032,67.04
1995-11-01,2.43,1.28666666666667,67.0009980878722
1995-12-01,0.583870967741935,0.738709677419355,65.18
1996-01-01,2.95483870967742,2.30967741935484,65.5873538515248
1996-02-01,0.879310344827586,3.94827586206897,64.12
1996-03-01,1.51612903225806,9.61612903225806,64.3932723294034
1996-04-01,2.38,11.8566666666667,63.64
1996-05-01,1.5741935483871,13.9774193548387,63.295
1996-06-01,0.253333333333333,17,62.99
1996-07-01,4.08387096774194,15.5096774193548,62.83
1996-08-01,2.09677419354839,11.3258064516129,62.34
1996-09-01,2.36666666666667,10.6033333333333,62.01
1996-10-01,3.48709677419355,3.53548387096774,61.57
1996-11-01,0.966666666666667,-2.51,61.31
1996-12-01,0.632258064516129,1.99354838709677,61.15
1997-01-01,3.30322580645161,7.81935483870968,61.41
1997-02-01,0.417857142857143,7.60357142857143,61.53
1997-03-01,1.77096774193548,8.64193548387097,61.85
1997-04-01,2.68,13.8933333333333,62.08
1997-05-01,3.60967741935484,14.5516129032258,62.19
1997-06-01,1.73,18.0833333333333,61.3016914622821
1997-07-01,1.33548387096774,18.7451612903226,61.91
1997-08-01,1.93225806451613,13.8387096774194,61.41
1997-09-01,2.17666666666667,7.08,61.13
1997-10-01,3.3258064516129,5.83225806451613,60.94
1997-11-01,4.72333333333333,5.91333333333333,60.7
1997-12-01,1.44516129032258,2.13225806451613,60.82
1998-01-01,2.16774193548387,6.98387096774194,61.28
1998-02-01,1.97142857142857,8.05,63.25
1998-03-01,1.88064516129032,9.18709677419355,63.7166666666667
1998-04-01,2.76333333333333,15.1666666666667,64.015
1998-05-01,2.43225806451613,14.6903225806452,64.175
1998-06-01,2.17,17.05,64.166
1998-07-01,3.22258064516129,15.8903225806452,63.855
1998-08-01,2.70967741935484,11.9903225806452,63.395
1998-09-01,6.19666666666667,9.57666666666667,62.9175
1998-10-01,2.75483870967742,1.77741935483871,62.496
1998-11-01,3.78333333333333,6.42333333333333,62.6875
1998-12-01,3.04838709677419,4.46129032258065,63.458
1999-01-01,3.8741935483871,4.5258064516129,64.6825
1999-02-01,1.25357142857143,8.58214285714286,66.49
1999-03-01,2.78709677419355,10.258064516129,68.64
1999-04-01,2.27,13.5233333333333,70.162
1999-05-01,2.09354838709677,16.1064516129032,69.9
1999-06-01,1.95666666666667,18.9,69.0775
1999-07-01,1.63870967741935,16.8258064516129,68.1
1999-08-01,4.13225806451613,13.4870967741936,67.0825
1999-09-01,1.92333333333333,9.17,66.178
1999-10-01,3.53225806451613,5.3,65.4675
1999-11-01,5.57666666666667,3.57,65.0366666666667
1999-12-01,1.84193548387097,3.89677419354839,65.72
2000-01-01,2.70322580645161,5.86774193548387,70.5625
2000-02-01,1.67586206896552,6.56551724137931,71.335
2000-03-01,3.92903225806452,11.4935483870968,71.512
2000-04-01,3.51666666666667,13.43,71.465
2000-05-01,2.41290322580645,15.5322580645161,70.98
2000-06-01,1.83333333333333,16.2,70.19
2000-07-01,2.19354838709677,16.4903225806452,69.205
2000-08-01,4.83225806451613,12.941935483871,68.25
2000-09-01,6.23666666666667,9.44333333333333,67.37
2000-10-01,5.28387096774194,8.20322580645161,66.845
2000-11-01,3.65666666666667,2.93666666666667,67.496
2000-12-01,3.15806451612903,3.63225806451613,71.045
2001-01-01,2.49032258064516,4.33870967741936,73.3425
2001-02-01,5.68571428571429,7.65,74.715
2001-03-01,3.51290322580645,8.95806451612903,75.40625
2001-04-01,1.03,13.41,76.813
2001-05-01,2.5741935483871,17.0193548387097,76.6047826086957
2001-06-01,3.97,17.1166666666667,75.4711111111111
2001-07-01,3.43870967741935,16.5935483870968,73.662
2001-08-01,3.44516129032258,13.0516129032258,71.66
2001-09-01,3.77,10.3333333333333,69.915
2001-10-01,2.02903225806452,4.81935483870968,68.78375
2001-11-01,1.57,0.286666666666667,67.9277777777778
2001-12-01,5.82258064516129,8.04193548387097,67.6955555555556
2002-01-01,4.09677419354839,5.71290322580645,67.895
2002-02-01,1.96428571428571,8.35714285714286,70.9933333333333
2002-03-01,2.16774193548387,9.69354838709677,74.44
2002-04-01,3.01333333333333,13.8733333333333,75.596
2002-05-01,3.10967741935484,15.6354838709677,74.655
2002-06-01,1.24666666666667,17.1966666666667,73.0975
2002-07-01,3.05806451612903,16.8354838709677,71.326
2002-08-01,0.841935483870968,11.3741935483871,69.6425
2002-09-01,6.38,9.54,68.206
2002-10-01,2.57741935483871,4.70322580645161,67.06
2002-11-01,4.94,3.78666666666667,66.405
2002-12-01,2.2741935483871,3.0258064516129,66.862
2003-01-01,1.31612903225806,5.16129032258065,70.33
2003-02-01,0.528571428571429,7.18214285714286,71.78
2003-03-01,2.39354838709677,12.0322580645161,72.002
2003-04-01,2.36333333333333,15.51,71.3075
2003-05-01,2.22258064516129,17.5935483870968,70.19
2003-06-01,1.83,20.8266666666667,68.766
2003-07-01,1.57741935483871,15.6129032258065,67.6225
2003-08-01,1.51612903225806,12.4677419354839,66.565
2003-09-01,1.72666666666667,5.86333333333333,65.502
2003-10-01,2.2741935483871,5.79032258064516,64.7
2003-11-01,4.62666666666667,4.01,64.125
2003-12-01,2.20967741935484,5.24516129032258,63.604
2004-01-01,1.3258064516129,3.04838709677419,63.4325
2004-02-01,1.26206896551724,7.16896551724138,63.59
2004-03-01,1.92258064516129,10.7838709677419,64.08
2004-04-01,1.29333333333333,14.6433333333333,64.1683333333333
2004-05-01,2.67096774193548,14.7064516129032,63.975
2004-06-01,3.45333333333333,19.26,63.45375
2004-07-01,2.68709677419355,16.4709677419355,63.0212903225806
2004-08-01,1.83548387096774,12.0548387096774,62.5083870967742
2004-09-01,1.67,9.08,62.0903333333333
2004-10-01,2.13548387096774,4.2258064516129,61.7729032258065
2004-11-01,2.73333333333333,5.01,61.5036666666667
2004-12-01,3.12903225806452,4.03870967741936,61.2816666666667
2005-01-01,1.26129032258065,1.69354838709677,61.1945161290323
2005-02-01,2.57857142857143,9.21071428571429,61.2739285714286
2005-03-01,1.60967741935484,10.2935483870968,61.5210344827586
2005-04-01,1.63666666666667,13.38,61.8467857142857
2005-05-01,4.23870967741936,18.2838709677419,62.1308695652174
2005-06-01,1.76666666666667,16.4266666666667,62.173
2005-07-01,2.24193548387097,17.1322580645161,61.9329032258065
2005-08-01,0.580645161290323,13.2161290322581,61.6
2005-09-01,3.36,11.08,61.26
2005-10-01,2.64193548387097,3.0258064516129,60.9776666666667
2005-11-01,1.73666666666667,2.06666666666667,60.7683333333333
2005-12-01,1.86129032258065,2.15806451612903,60.6325806451613
2006-01-01,2.61935483870968,1.53548387096774,60.6064516129032
2006-02-01,2.70714285714286,7.675,60.7475
2006-03-01,2.3258064516129,11.9161290322581,61.2877419354839
2006-04-01,4.57,13.6066666666667,62.1566666666667
2006-05-01,0.764516129032258,18.4935483870968,62.8487096774194
2006-06-01,3.49666666666667,18.6433333333333,63.2213333333333
2006-07-01,2.83548387096774,16.9387096774194,63.2270967741936
2006-08-01,2.17096774193548,14.5935483870968,62.8816129032258
2006-09-01,2.58,10.3933333333333,62.6136666666667
2006-10-01,3.89032258064516,7.15806451612903,62.3690322580645
2006-11-01,2.43333333333333,6.17,62.1113333333333
2006-12-01,2.7258064516129,4.95161290322581,62.201935483871
2007-01-01,3.87096774193548,7.58709677419355,62.8587096774193
2007-02-01,0.35,9.58571428571429,63.9796428571429
2007-03-01,2.32258064516129,13.441935483871,66.1516129032258
2007-04-01,3.50666666666667,14.88,67.445
2007-05-01,4.54193548387097,15.8064516129032,67.4596774193548
2007-06-01,3.07,16.42,66.9260714285714
2007-07-01,1.71612903225806,14.6483870967742,66.48
2007-08-01,2.36451612903226,12.158064516129,66.1841935483871
2007-09-01,1.37,7.32333333333333,65.8733333333333
2007-10-01,4.27096774193548,4.72903225806452,65.5367741935484
2007-11-01,2.57666666666667,4.86,65.1193333333333
2007-12-01,1.11612903225806,4.62903225806452,65.8322580645161
2008-01-01,4.41612903225806,6.93225806451613,67.4825806451613
2008-02-01,2.12413793103448,5.85862068965517,68.0320689655172
2008-03-01,1.94838709677419,13.5290322580645,68.5841935483871
2008-04-01,2.54,14.51,70.2516666666667
2008-05-01,1.70322580645161,15.7903225806452,70.6003225806452
2008-06-01,4.9,17.5466666666667,70.0143333333333
2008-07-01,1.98387096774194,14.4483870967742,68.9406451612903
2008-08-01,3.23225806451613,11.3225806451613,67.8812903225807
2008-09-01,2.69666666666667,8.07,67.1063333333333
2008-10-01,2.20967741935484,3.14516129032258,66.488064516129
2008-11-01,1.36,0.08,66.199
2008-12-01,2.73225806451613,2.16451612903226,66.5406451612903
2009-01-01,1.08387096774194,6.3258064516129,67.2138709677419
2009-02-01,2.20357142857143,9.73214285714286,67.9275
2009-03-01,1.37096774193548,11.5225806451613,68.9235483870968
2009-04-01,2.21666666666667,14.48,69.179
2009-05-01,2.13225806451613,17.7064516129032,68.6745161290323
2009-06-01,1.48,18.0233333333333,67.821
2009-07-01,1.06129032258065,16.1548387096774,66.7822580645161
2009-08-01,2,11.9129032258065,65.7748387096774
2009-09-01,4.11666666666667,9.73333333333333,64.9166666666667
2009-10-01,3.76451612903226,4.30645161290323,64.2183870967742
2009-11-01,1.68666666666667,0.173333333333333,63.7389285714286
2009-12-01,2.4258064516129,1.00645161290323,63.4712903225806
2010-01-01,2.06129032258064,5.82258064516129,63.5358064516129
2010-02-01,1.75714285714286,8.49285714285714,64.0739285714286
2010-03-01,0.506451612903226,10.3612903225806,65.4354838709677
2010-04-01,2.06333333333333,14.9766666666667,66.384
2010-05-01,1.29032258064516,20.058064516129,66.5361290322581
2010-06-01,2.45,17.2733333333333,66.1836666666667
2010-07-01,3.09354838709677,14.8741935483871,65.4206451612903
2010-08-01,2.58064516129032,11.5516129032258,64.5177419354839
2010-09-01,4.12666666666667,8.25333333333333,63.8586666666667
2010-10-01,1.96774193548387,-0.370967741935484,63.4396774193548
2010-11-01,2.99666666666667,3.66333333333333,63.2
2010-12-01,1.19032258064516,4.29354838709677,63.3048387096774
2011-01-01,0.829032258064516,6.48064516129032,63.7809677419355
2011-02-01,0.542857142857143,12.2642857142857,64.6721428571429
2011-03-01,1.08064516129032,13.5774193548387,65.22
2011-04-01,2.36333333333333,14.1833333333333,65.3856666666667
2011-05-01,2.75483870967742,15.8516129032258,65.0877419354839
2011-06-01,2.89,16.8433333333333,64.4166666666667
2011-07-01,2.95806451612903,14.9225806451613,63.6045161290323
2011-08-01,1.09032258064516,13.2645161290323,62.9464516129032
2011-09-01,1.15333333333333,9.14666666666667,62.5913333333333
2011-10-01,5.70645161290323,6.11612903225806,62.3183870967742
2011-11-01,3.03666666666667,6.1,62.0303333333333
2011-12-01,1.19677419354839,-0.119354838709677,61.9209677419355
2012-01-01,2.14193548387097,7.45161290322581,62.8877419354839
2012-02-01,2.3,7.05172413793104,63.9665517241379
2012-03-01,2.49032258064516,11.1774193548387,64.6816129032258
2012-04-01,2.71666666666667,14.4366666666667,65.3006666666667
2012-05-01,4.78709677419355,15.9677419354839,65.4467741935484
2012-06-01,1.30666666666667,18.3,65.173
2012-07-01,1.61935483870968,14.658064516129,64.728064516129
2012-08-01,5.26129032258064,11.8032258064516,64.2832258064516
2012-09-01,3.25333333333333,6.50666666666667,63.767
2012-10-01,4.88387096774194,4.57096774193548,63.3364516129032
2012-11-01,2.24333333333333,2.66666666666667,63.3523333333333
2012-12-01,3.03870967741935,2.14193548387097,63.8261290322581
2013-01-01,1.87096774193548,2.66451612903226,65.6048387096774
2013-02-01,1.07857142857143,6.76428571428571,67.6042857142857
2013-03-01,2.51935483870968,9.85806451612903,69.6425806451613
2013-04-01,2.33333333333333,14.0733333333333,70.3736666666667
2013-05-01,0.890322580645161,17.8548387096774,70.0367741935484
2013-06-01,3.62666666666667,17.88,69.1716666666667
2013-07-01,1.85483870967742,14.9290322580645,68.22
2013-08-01,2.77096774193548,12.8741935483871,67.1912903225806
2013-09-01,6.17666666666667,7.04666666666667,66.2763333333333
2013-10-01,1.43548387096774,5.41935483870968,65.5616129032258
2013-11-01,3.14,6,65.239
2013-12-01,4.85161290322581,5.55806451612903,65.5016129032258
2014-01-01,1.75806451612903,7.25161290322581,66.13
2014-02-01,0.753571428571429,10.9678571428571,68.1892857142857
2014-03-01,2.96451612903226,11.941935483871,70.0335483870968
2014-04-01,1.14666666666667,15.2166666666667,70.847
2014-05-01,5.10322580645161,17.6870967741935,70.3864516129032
2014-06-01,4.60333333333333,15.8066666666667,69.308
2014-07-01,1.09677419354839,15.8129032258065,68.0770967741936
2014-08-01,1.93870967741935,13.3806451612903,67.2916129032258
2014-09-01,1.4,9.01,66.835
2014-10-01,3.54838709677419,5.11612903225806,66.5025806451613
2014-11-01,2.88666666666667,3.11333333333333,66.16
2014-12-01,3.1258064516129,2.96451612903226,66.0603225806452
2015-01-01,1.80967741935484,5.86774193548387,67.3287096774194
2015-02-01,1.16785714285714,9.66071428571429,69.2257142857143
2015-03-01,1.69354838709677,11.3903225806452,70.2961290322581
2015-04-01,1.28,14.53,70.6436666666667
2015-05-01,2.13225806451613,18.1096774193548,70.1874193548387
2015-06-01,3.33666666666667,17.4333333333333,69.2126666666667
2015-07-01,2.72903225806452,13.341935483871,67.9351612903226
2015-08-01,1.63548387096774,9.97741935483871,66.6274193548387
2015-09-01,3.34666666666667,9.71,65.6706666666667
2015-10-01,2.77096774193548,8.85483870967742,64.9851612903226
2015-11-01,2.72,4.7,64.4213333333333
2015-12-01,4.29354838709677,4.98387096774194,64.2945161290323
2016-01-01,2.41935483870968,4.9741935483871,64.6041935483871
2016-02-01,2.31379310344828,7.98620689655172,66.1137931034483
2016-03-01,2.75161290322581,12.2967741935484,68.7625806451613
2016-04-01,5.67666666666667,15.1866666666667,69.9513333333333
2016-05-01,1.02903225806452,17.4032258064516,69.9377419354839
2016-06-01,1.20333333333333,18.11,69.797
2016-07-01,1.61290322580645,17.0483870967742,69.7632258064516
2016-08-01,1.34193548387097,10.1129032258065,69.1509677419355
2016-09-01,3.02666666666667,6.81,68.1486666666667
2016-10-01,0.754838709677419,3.94516129032258,67.13
2016-11-01,1.23,0.453333333333333,66.2226666666667
2016-12-01,3.01612903225806,5.43548387096774,65.5396774193549
2017-01-01,2.46451612903226,8.86774193548387,64.97
2017-02-01,0.375,8.45,64.6178571428572
2017-03-01,2.28387096774194,13.8193548387097,64.8732258064516
2017-04-01,0.9,17.6933333333333,65.526
2017-05-01,1.46774193548387,17.9,65.6548387096774
2017-06-01,2.56,17.2966666666667,65.194
2017-07-01,4.05161290322581,13.6064516129032,64.3877419354839
2017-08-01,1.73225806451613,12.8516129032258,63.6296774193548
2017-09-01,3.71,6.72333333333333,63.046
2017-10-01,5,4.20967741935484,62.6548387096774
2017-11-01,4.85,5.87,62.3183333333333
2017-12-01,1.4,1.03870967741936,62.2177419354839
2018-01-01,2.71612903225806,5.2,63.3867741935484
2018-02-01,2.21428571428571,12.0928571428571,65.6275
2018-03-01,2.9258064516129,13.9387096774194,67.0048387096774
2018-04-01,0.746666666666667,16.3966666666667,68.1423333333333
2018-05-01,0.954838709677419,20.7709677419355,68.2358064516129
2018-06-01,3.17,18.3,67.9063333333333
2018-07-01,1.64838709677419,14.2806451612903,67.0609677419355
2018-08-01,1.2741935483871,11.5741935483871,65.8425806451613
2018-09-01,1.98333333333333,6.72666666666667,64.9616666666667
2018-10-01,3.99354838709677,5.92258064516129,64.3029032258065
2018-11-01,1.69666666666667,3.05,63.7203333333333
2018-12-01,2.0741935483871,5.86774193548387,63.3935483870968
2019-01-01,3.26451612903226,8.00322580645161,63.6432258064516
2019-02-01,1.33571428571429,9.51785714285714,64.0982142857143
2019-03-01,1.13225806451613,11.5870967741935,65.1051612903226
2019-04-01,2.86,16.9633333333333,66.402
2019-05-01,1.50967741935484,18.4387096774194,66.6329032258065
2019-06-01,1.32333333333333,18.0733333333333,66.1436666666667
2019-07-01,3.3258064516129,14.3548387096774,65.1293548387097
2019-08-01,3.5,11.4709677419355,64.0329032258065
2019-09-01,3.23333333333333,6.19333333333333,63.2533333333333
2019-10-01,4.1,5.45806451612903,62.7512903225806
2019-11-01,2.36333333333333,5.42666666666667,62.521
2019-12-01,5.23548387096774,6.72903225806452,62.6548387096774
2020-01-01,2.40645161290323,5.95806451612903,63.691935483871
2020-02-01,0,0,65.4303448275862
2020-03-01,0,0,69.7874193548387
